Date;Price
02.01.2018;66.590000001
03.01.2018;67.910000001
04.01.2018;67.960000001
05.01.2018;67.740000001
08.01.2018;67.87000000100001
09.01.2018;68.800000001
10.01.2018;69.050000001
11.01.2018;69.15000000100001
12.01.2018;69.810000001
15.01.2018;70.170000001
16.01.2018;69.190000001
17.01.2018;69.280000001
18.01.2018;69.18000000100001
19.01.2018;68.65000000100001
22.01.2018;69.210000001
23.01.2018;70.170000001
24.01.2018;70.920000001
25.01.2018;70.080000001
26.01.2018;70.29000000100001
29.01.2018;69.43000000100001
30.01.2018;68.830000001
31.01.2018;69.060000001
01.02.2018;69.90000000100001
02.02.2018;68.23000000100001
05.02.2018;67.270000001
06.02.2018;66.910000001
07.02.2018;65.43000000100001
08.02.2018;64.140000001
09.02.2018;62.710000001
12.02.2018;62.680000000999996
13.02.2018;62.790000000999996
14.02.2018;64.340000001
15.02.2018;64.54000000100001
16.02.2018;64.90000000100001
19.02.2018;65.62000000100001
20.02.2018;65.080000001
21.02.2018;64.950000001
22.02.2018;66.200000001
23.02.2018;67.29000000100001
26.02.2018;67.600000001
27.02.2018;66.520000001
28.02.2018;65.76000000100001
01.03.2018;64.26000000100001
02.03.2018;64.490000001
05.03.2018;65.54000000100001
06.03.2018;65.68000000100001
07.03.2018;64.520000001
08.03.2018;63.840000001
09.03.2018;65.570000001
12.03.2018;64.970000001
13.03.2018;64.79000000100001
14.03.2018;64.830000001
15.03.2018;65.050000001
16.03.2018;66.12000000100001
19.03.2018;66.130000001
20.03.2018;67.590000001
21.03.2018;69.76000000100001
22.03.2018;68.810000001
23.03.2018;70.43000000100001
26.03.2018;70.070000001
27.03.2018;69.630000001
28.03.2018;69.840000001
29.03.2018;70.220000001
02.04.2018;67.76000000100001
03.04.2018;68.130000001
04.04.2018;68.210000001
05.04.2018;68.420000001
06.04.2018;67.01000000100001
09.04.2018;68.590000001
10.04.2018;71.100000001
11.04.2018;71.920000001
12.04.2018;72.100000001
13.04.2018;72.410000001
16.04.2018;71.570000001
17.04.2018;71.51000000100001
18.04.2018;73.800000001
19.04.2018;73.73000000100001
20.04.2018;73.76000000100001
23.04.2018;75.030000001
24.04.2018;73.950000001
25.04.2018;74.020000001
26.04.2018;74.73000000100001
27.04.2018;74.48000000100001
30.04.2018;75.160000001
01.05.2018;73.240000001
02.05.2018;73.810000001
03.05.2018;73.750000001
04.05.2018;74.910000001
07.05.2018;75.350000001
08.05.2018;75.640000001
09.05.2018;77.210000001
10.05.2018;77.500000001
11.05.2018;77.020000001
14.05.2018;78.40000000100001
15.05.2018;78.18000000100001
16.05.2018;79.240000001
17.05.2018;79.40000000100001
18.05.2018;78.630000001
21.05.2018;79.460000001
22.05.2018;79.37000000100001
23.05.2018;79.660000001
24.05.2018;78.770000001
25.05.2018;76.240000001
28.05.2018;75.320000001
29.05.2018;75.37000000100001
30.05.2018;77.700000001
31.05.2018;77.590000001
01.06.2018;76.600000001
04.06.2018;75.330000001
05.06.2018;74.960000001
06.06.2018;75.830000001
07.06.2018;77.330000001
08.06.2018;76.43000000100001
11.06.2018;76.360000001
12.06.2018;75.560000001
13.06.2018;76.600000001
14.06.2018;76.01000000100001
15.06.2018;73.29000000100001
18.06.2018;75.280000001
19.06.2018;75.070000001
20.06.2018;74.37000000100001
21.06.2018;73.140000001
22.06.2018;75.670000001
25.06.2018;74.780000001
26.06.2018;76.300000001
27.06.2018;77.360000001
28.06.2018;77.720000001
29.06.2018;79.420000001
02.07.2018;77.320000001
03.07.2018;77.660000001
04.07.2018;78.160000001
05.07.2018;77.65000000100001
06.07.2018;77.090000001
09.07.2018;78.23000000100001
10.07.2018;78.810000001
11.07.2018;74.000000001
12.07.2018;74.210000001
13.07.2018;74.960000001
16.07.2018;71.90000000100001
17.07.2018;72.000000001
18.07.2018;72.910000001
19.07.2018;72.590000001
20.07.2018;72.970000001
23.07.2018;72.990000001
24.07.2018;73.310000001
25.07.2018;74.020000001
26.07.2018;74.600000001
27.07.2018;74.380000001
30.07.2018;74.770000001
31.07.2018;74.250000001
01.08.2018;72.530000001
02.08.2018;73.40000000100001
03.08.2018;73.29000000100001
06.08.2018;73.610000001
07.08.2018;74.500000001
08.08.2018;72.200000001
09.08.2018;71.990000001
10.08.2018;72.890000001
13.08.2018;72.73000000100001
14.08.2018;72.580000001
15.08.2018;70.710000001
16.08.2018;71.380000001
17.08.2018;71.76000000100001
20.08.2018;72.18000000100001
21.08.2018;72.48000000100001
22.08.2018;74.710000001
23.08.2018;74.810000001
24.08.2018;75.630000001
27.08.2018;76.280000001
28.08.2018;75.970000001
29.08.2018;77.37000000100001
30.08.2018;77.450000001
31.08.2018;77.450000001
03.09.2018;78.01000000100001
04.09.2018;77.73000000100001
05.09.2018;77.350000001
06.09.2018;76.65000000100001
07.09.2018;76.990000001
10.09.2018;77.37000000100001
11.09.2018;79.18000000100001
12.09.2018;79.670000001
13.09.2018;78.350000001
14.09.2018;78.100000001
17.09.2018;77.87000000100001
18.09.2018;78.990000001
19.09.2018;79.18000000100001
20.09.2018;78.590000001
21.09.2018;78.770000001
24.09.2018;81.43000000100001
25.09.2018;81.770000001
26.09.2018;81.750000001
27.09.2018;81.65000000100001
28.09.2018;82.950000001
30.09.2018;82.98000000100001
01.10.2018;84.950000001
02.10.2018;84.640000001
03.10.2018;86.100000001
04.10.2018;84.880000001
05.10.2018;84.110000001
07.10.2018;83.54000000100001
08.10.2018;83.76000000100001
09.10.2018;84.860000001
10.10.2018;82.600000001
11.10.2018;80.360000001
12.10.2018;80.600000001
14.10.2018;81.830000001
15.10.2018;80.76000000100001
16.10.2018;81.560000001
17.10.2018;80.360000001
18.10.2018;79.350000001
19.10.2018;80.020000001
21.10.2018;79.750000001
22.10.2018;79.950000001
23.10.2018;76.240000001
24.10.2018;75.68000000100001
25.10.2018;76.73000000100001
26.10.2018;77.710000001
29.10.2018;76.860000001
30.10.2018;76.310000001
31.10.2018;75.460000001
01.11.2018;75.460000001
02.11.2018;72.62000000100001
04.11.2018;72.690000001
05.11.2018;72.710000001
06.11.2018;71.65000000100001
07.11.2018;72.000000001
08.11.2018;70.68000000100001
09.11.2018;69.880000001
11.11.2018;70.800000001
12.11.2018;68.970000001
13.11.2018;65.350000001
14.11.2018;65.860000001
15.11.2018;66.630000001
16.11.2018;66.960000001
18.11.2018;66.970000001
19.11.2018;66.910000001
20.11.2018;62.440000000999994
21.11.2018;63.460000001
22.11.2018;62.520000001
23.11.2018;59.190000000999994
25.11.2018;59.030000001
26.11.2018;60.610000000999996
27.11.2018;60.880000001
28.11.2018;58.610000000999996
29.11.2018;59.260000000999995
30.11.2018;59.070000001
02.12.2018;60.690000000999994
03.12.2018;61.900000000999995
04.12.2018;61.310000001
05.12.2018;61.610000000999996
06.12.2018;60.310000001
07.12.2018;61.550000000999994
09.12.2018;61.780000001
10.12.2018;59.810000001
11.12.2018;60.290000000999996
12.12.2018;60.250000001
13.12.2018;61.710000001
14.12.2018;60.140000001
16.12.2018;60.41000000099999
17.12.2018;58.66000000099999
18.12.2018;56.080000000999995
19.12.2018;56.550000000999994
20.12.2018;54.700000001
21.12.2018;53.500000001
23.12.2018;53.700000001
24.12.2018;50.490000001
25.12.2018;50.490000001
26.12.2018;55.000000001
27.12.2018;53.000000001
28.12.2018;52.23000000099999
30.12.2018;53.400000000999995
31.12.2018;54.150000000999995
01.01.2019;54.150000000999995
02.01.2019;54.680000000999996
03.01.2019;55.550000000999994
04.01.2019;57.310000001
06.01.2019;57.720000000999995
07.01.2019;57.570000001
08.01.2019;58.590000001
09.01.2019;61.340000001
10.01.2019;61.180000000999996
11.01.2019;60.820000001
13.01.2019;60.820000001
14.01.2019;59.320000001
15.01.2019;60.650000000999995
16.01.2019;61.300000000999994
17.01.2019;61.150000000999995
18.01.2019;62.680000000999996
20.01.2019;62.310000001
21.01.2019;62.810000001
22.01.2019;61.610000000999996
23.01.2019;61.100000001
24.01.2019;61.190000000999994
25.01.2019;61.510000000999995
27.01.2019;61.300000000999994
28.01.2019;60.090000001
29.01.2019;61.210000001
30.01.2019;61.750000001
31.01.2019;61.900000000999995
01.02.2019;61.900000000999995
03.02.2019;62.780000001
04.02.2019;62.820000001
05.02.2019;62.110000000999996
06.02.2019;62.550000000999994
07.02.2019;61.680000000999996
08.02.2019;62.120000000999994
10.02.2019;61.990000001
11.02.2019;61.580000000999995
12.02.2019;62.610000000999996
13.02.2019;63.600000001
14.02.2019;64.560000001
15.02.2019;66.320000001
17.02.2019;66.410000001
18.02.2019;66.500000001
19.02.2019;66.440000001
20.02.2019;67.04000000100001
21.02.2019;66.950000001
22.02.2019;66.990000001
24.02.2019;67.250000001
25.02.2019;64.51000000100001
26.02.2019;65.640000001
27.02.2019;66.23000000100001
28.02.2019;66.020000001
04.03.2019;65.550000001
05.03.2019;65.570000001
06.03.2019;65.93000000100001
07.03.2019;66.090000001
08.03.2019;65.800000001
10.03.2019;65.820000001
11.03.2019;66.630000001
12.03.2019;66.820000001
13.03.2019;67.640000001
14.03.2019;67.18000000100001
15.03.2019;67.020000001
17.03.2019;67.18000000100001
18.03.2019;67.43000000100001
19.03.2019;67.710000001
20.03.2019;68.300000001
21.03.2019;67.740000001
22.03.2019;67.01000000100001
24.03.2019;66.880000001
25.03.2019;67.300000001
26.03.2019;68.04000000100001
27.03.2019;67.830000001
28.03.2019;68.000000001
29.03.2019;68.390000001
02.04.2019;69.570000001
03.04.2019;69.520000001
04.04.2019;69.310000001
05.04.2019;70.48000000100001
07.04.2019;70.750000001
08.04.2019;71.100000001
09.04.2019;70.830000001
10.04.2019;71.570000001
11.04.2019;70.960000001
12.04.2019;71.560000001
14.04.2019;71.360000001
15.04.2019;71.300000001
16.04.2019;71.860000001
17.04.2019;71.640000001
18.04.2019;72.01000000100001
21.04.2019;72.01000000100001
22.04.2019;74.250000001
23.04.2019;74.360000001
24.04.2019;74.48000000100001
25.04.2019;74.270000001
02.05.2019;70.440000001
03.05.2019;70.79000000100001
06.05.2019;71.710000001
07.05.2019;69.500000001
08.05.2019;70.18000000100001
09.05.2019;70.15000000100001
10.05.2019;70.640000001
13.05.2019;69.850000001
14.05.2019;71.140000001
15.05.2019;72.01000000100001
16.05.2019;72.700000001
17.05.2019;72.110000001
20.05.2019;72.04000000100001
21.05.2019;72.130000001
22.05.2019;70.720000001
23.05.2019;67.93000000100001
24.05.2019;69.090000001
27.05.2019;70.160000001
28.05.2019;69.830000001
29.05.2019;69.390000001
30.05.2019;66.68000000100001
31.05.2019;64.610000001
03.06.2019;60.750000001
04.06.2019;62.060000001
05.06.2019;60.630000001
06.06.2019;62.340000001
07.06.2019;63.340000001
10.06.2019;62.260000000999995
11.06.2019;62.300000000999994
12.06.2019;59.780000001
13.06.2019;61.330000000999995
14.06.2019;62.080000000999995
17.06.2019;61.040000000999996
18.06.2019;62.290000000999996
19.06.2019;62.340000001
20.06.2019;64.54000000100001
21.06.2019;65.310000001
24.06.2019;64.890000001
25.06.2019;65.130000001
26.06.2019;66.210000001
27.06.2019;66.380000001
28.06.2019;66.580000001
01.07.2019;66.580000001
02.07.2019;62.570000001
03.07.2019;63.820000001
04.07.2019;63.820000001
05.07.2019;64.350000001
08.07.2019;63.870000000999994
09.07.2019;64.270000001
10.07.2019;66.73000000100001
11.07.2019;66.740000001
12.07.2019;66.90000000100001
15.07.2019;66.15000000100001
16.07.2019;64.940000001
17.07.2019;63.650000000999995
18.07.2019;62.440000000999994
19.07.2019;63.100000001
22.07.2019;63.450000001
23.07.2019;64.030000001
24.07.2019;63.16000000099999
25.07.2019;63.110000000999996
26.07.2019;63.310000001
29.07.2019;63.830000000999995
30.07.2019;64.920000001
31.07.2019;65.160000001
01.08.2019;61.020000001
02.08.2019;61.300000000999994
05.08.2019;59.740000001
06.08.2019;59.020000001
07.08.2019;57.300000000999994
08.08.2019;57.650000000999995
09.08.2019;58.290000000999996
12.08.2019;58.500000001
13.08.2019;61.320000001
14.08.2019;59.280000001
15.08.2019;58.320000001
16.08.2019;58.66000000099999
19.08.2019;59.750000001
20.08.2019;59.950000001
21.08.2019;60.400000000999995
22.08.2019;59.940000000999994
23.08.2019;58.98000000099999
26.08.2019;58.860000000999996
27.08.2019;59.580000000999995
28.08.2019;60.470000000999995
29.08.2019;61.050000000999994
30.08.2019;60.370000000999994
02.09.2019;58.610000000999996
03.09.2019;58.210000001
04.09.2019;60.800000000999994
05.09.2019;60.810000001
06.09.2019;61.500000001
09.09.2019;62.680000000999996
10.09.2019;62.500000001
11.09.2019;61.110000000999996
12.09.2019;60.330000000999995
13.09.2019;60.23000000099999
16.09.2019;67.750000001
17.09.2019;64.210000001
18.09.2019;63.530000001
19.09.2019;64.570000001
20.09.2019;64.600000001
23.09.2019;64.490000001
24.09.2019;62.550000000999994
25.09.2019;62.420000001
26.09.2019;62.750000001
27.09.2019;61.740000001
30.09.2019;60.780000001
01.10.2019;60.780000001
02.10.2019;57.540000000999996
03.10.2019;57.540000000999996
04.10.2019;58.400000000999995
07.10.2019;58.420000001
08.10.2019;57.970000000999995
09.10.2019;58.310000001
10.10.2019;59.300000000999994
11.10.2019;60.600000001
14.10.2019;59.220000000999995
15.10.2019;58.880000001
16.10.2019;59.370000000999994
17.10.2019;59.920000001
18.10.2019;59.310000001
21.10.2019;59.070000001
22.10.2019;59.600000001
23.10.2019;61.000000001
24.10.2019;61.540000000999996
25.10.2019;62.020000001
28.10.2019;61.600000001
29.10.2019;61.550000000999994
30.10.2019;60.590000001
31.10.2019;60.200000001
01.11.2019;60.200000001
04.11.2019;62.140000001
05.11.2019;62.890000001
06.11.2019;61.900000000999995
07.11.2019;62.100000001
08.11.2019;62.610000000999996
11.11.2019;62.170000001
12.11.2019;62.030000001
13.11.2019;62.550000000999994
14.11.2019;62.340000001
15.11.2019;63.320000001
18.11.2019;62.210000001
19.11.2019;60.870000000999994
20.11.2019;62.400000000999995
21.11.2019;63.760000000999995
22.11.2019;63.590000001
25.11.2019;63.680000000999996
26.11.2019;64.210000001
27.11.2019;64.100000001
28.11.2019;63.950000001
29.11.2019;62.430000000999996
02.12.2019;62.470000000999995
03.12.2019;60.970000000999995
04.12.2019;63.000000001
05.12.2019;63.360000000999996
06.12.2019;64.26000000100001
09.12.2019;64.130000001
10.12.2019;64.390000001
11.12.2019;63.850000001
12.12.2019;64.410000001
13.12.2019;64.910000001
16.12.2019;65.340000001
17.12.2019;66.110000001
18.12.2019;66.170000001
19.12.2019;66.490000001
20.12.2019;66.020000001
23.12.2019;66.580000001
24.12.2019;67.200000001
25.12.2019;67.200000001
26.12.2019;67.890000001
27.12.2019;68.100000001
30.12.2019;68.40000000100001
31.12.2019;68.40000000100001
01.01.2020;66.15000000100001
02.01.2020;66.210000001
03.01.2020;68.640000001
06.01.2020;68.43000000100001
07.01.2020;68.160000001
08.01.2020;66.140000001
09.01.2020;65.43000000100001
10.01.2020;65.04000000100001
13.01.2020;64.15000000100001
14.01.2020;64.670000001
15.01.2020;64.26000000100001
16.01.2020;64.600000001
17.01.2020;64.950000001
20.01.2020;65.18000000100001
21.01.2020;64.51000000100001
22.01.2020;63.110000000999996
23.01.2020;62.000000001
24.01.2020;60.820000001
27.01.2020;59.100000001
28.01.2020;59.650000000999995
29.01.2020;59.640000001
30.01.2020;58.420000001
31.01.2020;58.150000000999995
03.02.2020;54.310000001
04.02.2020;54.100000001
05.02.2020;55.530000001
06.02.2020;55.070000001
07.02.2020;54.530000001
10.02.2020;53.290000000999996
11.02.2020;54.220000000999995
12.02.2020;56.100000001
13.02.2020;56.530000001
14.02.2020;57.190000000999994
17.02.2020;57.680000000999996
18.02.2020;57.690000000999994
19.02.2020;59.080000000999995
20.02.2020;59.23000000099999
21.02.2020;58.380000001
24.02.2020;56.220000000999995
25.02.2020;54.630000001
26.02.2020;53.470000000999995
27.02.2020;52.000000001
28.02.2020;50.500000001
02.03.2020;50.500000001
03.03.2020;51.930000000999996
04.03.2020;51.540000000999996
05.03.2020;49.890000001
06.03.2020;45.600000001
09.03.2020;33.73000000099999
10.03.2020;37.740000001
11.03.2020;36.070000001
12.03.2020;32.690000000999994
13.03.2020;34.600000001
16.03.2020;29.880000001
17.03.2020;28.660000001
18.03.2020;26.330000001
19.03.2020;28.090000001
20.03.2020;27.200000001
23.03.2020;27.520000001
24.03.2020;27.560000001
25.03.2020;27.450000001
26.03.2020;26.950000001
27.03.2020;24.940000001
31.03.2020;22.720000001
01.04.2020;22.720000001
02.04.2020;29.880000001
03.04.2020;34.530000001
06.04.2020;33.110000000999996
07.04.2020;32.340000001
08.04.2020;33.680000000999996
09.04.2020;32.070000001
10.04.2020;31.870000001
13.04.2020;32.060000001
14.04.2020;30.030000001
15.04.2020;28.100000001
16.04.2020;28.240000001
17.04.2020;28.470000001
20.04.2020;26.170000001000002
21.04.2020;19.640000001
22.04.2020;20.730000001
23.04.2020;21.630000001
24.04.2020;25.180000001
26.04.2020;24.890000001
27.04.2020;23.000000001
28.04.2020;23.160000001
29.04.2020;24.400000001
30.04.2020;26.660000001
01.05.2020;26.560000001
03.05.2020;25.700000001
04.05.2020;27.970000001
05.05.2020;31.980000001
06.05.2020;29.840000001
07.05.2020;29.370000001
08.05.2020;30.860000001
10.05.2020;30.560000001
11.05.2020;30.180000001
12.05.2020;29.470000001
13.05.2020;29.500000001
14.05.2020;31.450000001
15.05.2020;32.740000001
17.05.2020;32.940000000999994
18.05.2020;35.570000001
19.05.2020;34.550000000999994
20.05.2020;35.950000001
21.05.2020;35.950000001
22.05.2020;35.260000000999995
25.05.2020;36.140000001
26.05.2020;36.66000000099999
27.05.2020;35.010000000999995
28.05.2020;36.190000000999994
29.05.2020;37.390000001
31.05.2020;37.960000001
01.06.2020;38.610000000999996
02.06.2020;39.570000001
03.06.2020;39.450000001
04.06.2020;39.890000001
05.06.2020;42.130000001
07.06.2020;42.640000001
08.06.2020;40.820000001
09.06.2020;40.870000000999994
10.06.2020;41.190000000999994
11.06.2020;38.330000000999995
12.06.2020;38.860000000999996
14.06.2020;38.170000001
15.06.2020;39.890000001
16.06.2020;40.850000001
17.06.2020;40.540000000999996
18.06.2020;41.470000000999995
19.06.2020;41.920000001
21.06.2020;41.720000000999995
22.06.2020;43.110000000999996
23.06.2020;42.440000000999994
24.06.2020;40.400000000999995
25.06.2020;41.420000001
26.06.2020;40.66000000099999
28.06.2020;40.340000001
29.06.2020;41.850000001
30.06.2020;41.340000001
01.07.2020;42.090000001
02.07.2020;42.920000001
03.07.2020;42.780000001
05.07.2020;42.820000001
06.07.2020;43.130000001
07.07.2020;43.010000000999995
08.07.2020;43.260000000999995
09.07.2020;42.350000001
10.07.2020;43.270000001
12.07.2020;42.73000000099999
13.07.2020;42.210000001
14.07.2020;43.100000001
15.07.2020;43.640000001
16.07.2020;43.400000000999995
17.07.2020;43.100000001
19.07.2020;43.090000001
20.07.2020;43.180000000999996
21.07.2020;43.960000001
22.07.2020;44.280000001
23.07.2020;43.340000001
24.07.2020;43.420000001
26.07.2020;43.140000001
27.07.2020;43.950000001
28.07.2020;43.650000000999995
29.07.2020;44.100000001
30.07.2020;43.610000000999996
31.07.2020;43.710000001
02.08.2020;43.400000000999995
03.08.2020;43.880000001
04.08.2020;44.360000000999996
05.08.2020;45.200000001
06.08.2020;45.120000000999994
07.08.2020;44.66000000099999
09.08.2020;44.680000000999996
10.08.2020;44.960000001
11.08.2020;44.540000000999996
12.08.2020;45.320000001
13.08.2020;45.120000000999994
14.08.2020;44.950000001
16.08.2020;45.040000000999996
17.08.2020;45.310000001
18.08.2020;45.010000000999995
19.08.2020;45.210000001
20.08.2020;44.850000001
21.08.2020;44.260000000999995
23.08.2020;44.550000000999994
24.08.2020;45.040000000999996
25.08.2020;46.050000000999994
26.08.2020;46.290000000999996
27.08.2020;45.690000000999994
28.08.2020;45.870000000999994
31.08.2020;45.540000000999996
01.09.2020;45.750000001
02.09.2020;44.390000001
03.09.2020;44.000000001
04.09.2020;42.350000001
06.09.2020;41.750000001
07.09.2020;42.050000000999994
08.09.2020;39.780000001
09.09.2020;40.620000000999994
10.09.2020;39.720000000999995
11.09.2020;39.920000001
13.09.2020;39.720000000999995
14.09.2020;39.650000000999995
15.09.2020;40.680000000999996
16.09.2020;42.330000000999995
17.09.2020;43.260000000999995
18.09.2020;42.970000000999995
20.09.2020;42.800000000999994
21.09.2020;41.760000000999995
22.09.2020;41.800000000999994
23.09.2020;41.510000000999995
24.09.2020;42.260000000999995
25.09.2020;42.260000000999995
27.09.2020;42.380000001
28.09.2020;42.940000000999994
29.09.2020;41.370000000999994
30.09.2020;42.120000000999994
01.10.2020;40.870000000999994
02.10.2020;39.120000000999994
04.10.2020;39.370000000999994
05.10.2020;41.520000001
06.10.2020;42.120000000999994
07.10.2020;42.150000000999995
08.10.2020;43.430000000999996
09.10.2020;42.820000001
12.10.2020;41.810000001
13.10.2020;42.48000000099999
14.10.2020;43.440000000999994
15.10.2020;43.000000001
16.10.2020;42.850000001
18.10.2020;42.950000001
19.10.2020;42.460000001
20.10.2020;42.800000000999994
21.10.2020;41.760000000999995
22.10.2020;42.440000000999994
23.10.2020;41.590000001
25.10.2020;41.010000000999995
26.10.2020;40.810000001
27.10.2020;41.050000000999994
28.10.2020;39.540000000999996
29.10.2020;38.110000000999996
30.10.2020;37.860000000999996
02.11.2020;39.240000001
03.11.2020;40.16000000099999
04.11.2020;41.200000001
05.11.2020;40.800000000999994
06.11.2020;39.600000001
08.11.2020;39.570000001
09.11.2020;42.020000001
10.11.2020;44.050000000999994
11.11.2020;43.770000001
12.11.2020;43.270000001
13.11.2020;42.630000001
15.11.2020;42.900000000999995
16.11.2020;43.890000001
17.11.2020;43.780000001
18.11.2020;44.130000001
19.11.2020;44.170000001
20.11.2020;45.020000001
22.11.2020;45.060000001
23.11.2020;45.830000000999995
24.11.2020;47.750000001
25.11.2020;48.73000000099999
26.11.2020;47.770000001
27.11.2020;48.300000000999994
30.11.2020;47.760000000999995
01.12.2020;47.250000001
02.12.2020;47.970000000999995
03.12.2020;48.820000001
04.12.2020;49.030000001
06.12.2020;49.120000000999994
07.12.2020;48.66000000099999
08.12.2020;48.850000001
09.12.2020;48.98000000099999
10.12.2020;50.430000000999996
11.12.2020;49.98000000099999
13.12.2020;50.090000001
14.12.2020;50.360000000999996
15.12.2020;50.690000000999994
16.12.2020;51.16000000099999
17.12.2020;51.500000001
18.12.2020;52.210000001
20.12.2020;51.540000000999996
21.12.2020;50.800000000999994
22.12.2020;50.000000001
23.12.2020;51.150000000999995
24.12.2020;51.340000001
27.12.2020;50.900000000999995
28.12.2020;50.950000001
29.12.2020;51.290000000999996
30.12.2020;51.460000001
31.12.2020;51.800000000999994
06.01.2018;67.740000001
07.01.2018;67.740000001
13.01.2018;69.810000001
14.01.2018;69.810000001
20.01.2018;68.65000000100001
21.01.2018;68.65000000100001
27.01.2018;70.29000000100001
28.01.2018;70.29000000100001
03.02.2018;68.23000000100001
04.02.2018;68.23000000100001
10.02.2018;62.710000001
11.02.2018;62.710000001
17.02.2018;64.90000000100001
18.02.2018;64.90000000100001
24.02.2018;67.29000000100001
25.02.2018;67.29000000100001
03.03.2018;64.490000001
04.03.2018;64.490000001
10.03.2018;65.570000001
11.03.2018;65.570000001
17.03.2018;66.12000000100001
18.03.2018;66.12000000100001
24.03.2018;70.43000000100001
25.03.2018;70.43000000100001
30.03.2018;70.220000001
31.03.2018;70.220000001
01.04.2018;70.220000001
07.04.2018;67.01000000100001
08.04.2018;67.01000000100001
14.04.2018;72.410000001
15.04.2018;72.410000001
21.04.2018;73.76000000100001
22.04.2018;73.76000000100001
28.04.2018;74.48000000100001
29.04.2018;74.48000000100001
05.05.2018;74.910000001
06.05.2018;74.910000001
12.05.2018;77.020000001
13.05.2018;77.020000001
19.05.2018;78.630000001
20.05.2018;78.630000001
26.05.2018;76.240000001
27.05.2018;76.240000001
02.06.2018;76.600000001
03.06.2018;76.600000001
09.06.2018;76.43000000100001
10.06.2018;76.43000000100001
16.06.2018;73.29000000100001
17.06.2018;73.29000000100001
23.06.2018;75.670000001
24.06.2018;75.670000001
30.06.2018;79.420000001
01.07.2018;79.420000001
07.07.2018;77.090000001
08.07.2018;77.090000001
14.07.2018;74.960000001
15.07.2018;74.960000001
21.07.2018;72.970000001
22.07.2018;72.970000001
28.07.2018;74.380000001
29.07.2018;74.380000001
04.08.2018;73.29000000100001
05.08.2018;73.29000000100001
11.08.2018;72.890000001
12.08.2018;72.890000001
18.08.2018;71.76000000100001
19.08.2018;71.76000000100001
25.08.2018;75.630000001
26.08.2018;75.630000001
01.09.2018;77.450000001
02.09.2018;77.450000001
08.09.2018;76.990000001
09.09.2018;76.990000001
15.09.2018;78.100000001
16.09.2018;78.100000001
22.09.2018;78.770000001
23.09.2018;78.770000001
29.09.2018;82.950000001
06.10.2018;84.110000001
13.10.2018;80.600000001
20.10.2018;80.020000001
27.10.2018;77.710000001
28.10.2018;77.710000001
03.11.2018;72.62000000100001
10.11.2018;69.880000001
17.11.2018;66.960000001
24.11.2018;59.190000000999994
01.12.2018;59.070000001
08.12.2018;61.550000000999994
15.12.2018;60.140000001
22.12.2018;53.500000001
29.12.2018;52.23000000099999
05.01.2019;57.310000001
12.01.2019;60.820000001
19.01.2019;62.680000000999996
26.01.2019;61.510000000999995
02.02.2019;61.900000000999995
09.02.2019;62.120000000999994
16.02.2019;66.320000001
23.02.2019;66.990000001
01.03.2019;66.020000001
02.03.2019;66.020000001
03.03.2019;66.020000001
09.03.2019;65.800000001
16.03.2019;67.020000001
23.03.2019;67.01000000100001
30.03.2019;68.390000001
31.03.2019;68.390000001
01.04.2019;68.390000001
06.04.2019;70.48000000100001
13.04.2019;71.560000001
19.04.2019;72.01000000100001
20.04.2019;72.01000000100001
26.04.2019;74.270000001
27.04.2019;74.270000001
28.04.2019;74.270000001
29.04.2019;74.270000001
30.04.2019;74.270000001
01.05.2019;74.270000001
04.05.2019;70.79000000100001
05.05.2019;70.79000000100001
11.05.2019;70.640000001
12.05.2019;70.640000001
18.05.2019;72.110000001
19.05.2019;72.110000001
25.05.2019;69.090000001
26.05.2019;69.090000001
01.06.2019;64.610000001
02.06.2019;64.610000001
08.06.2019;63.340000001
09.06.2019;63.340000001
15.06.2019;62.080000000999995
16.06.2019;62.080000000999995
22.06.2019;65.310000001
23.06.2019;65.310000001
29.06.2019;66.580000001
30.06.2019;66.580000001
06.07.2019;64.350000001
07.07.2019;64.350000001
13.07.2019;66.90000000100001
14.07.2019;66.90000000100001
20.07.2019;63.100000001
21.07.2019;63.100000001
27.07.2019;63.310000001
28.07.2019;63.310000001
03.08.2019;61.300000000999994
04.08.2019;61.300000000999994
10.08.2019;58.290000000999996
11.08.2019;58.290000000999996
17.08.2019;58.66000000099999
18.08.2019;58.66000000099999
24.08.2019;58.98000000099999
25.08.2019;58.98000000099999
31.08.2019;60.370000000999994
01.09.2019;60.370000000999994
07.09.2019;61.500000001
08.09.2019;61.500000001
14.09.2019;60.23000000099999
15.09.2019;60.23000000099999
21.09.2019;64.600000001
22.09.2019;64.600000001
28.09.2019;61.740000001
29.09.2019;61.740000001
05.10.2019;58.400000000999995
06.10.2019;58.400000000999995
12.10.2019;60.600000001
13.10.2019;60.600000001
19.10.2019;59.310000001
20.10.2019;59.310000001
26.10.2019;62.020000001
27.10.2019;62.020000001
02.11.2019;60.200000001
03.11.2019;60.200000001
09.11.2019;62.610000000999996
10.11.2019;62.610000000999996
16.11.2019;63.320000001
17.11.2019;63.320000001
23.11.2019;63.590000001
24.11.2019;63.590000001
30.11.2019;62.430000000999996
01.12.2019;62.430000000999996
07.12.2019;64.26000000100001
08.12.2019;64.26000000100001
14.12.2019;64.910000001
15.12.2019;64.910000001
21.12.2019;66.020000001
22.12.2019;66.020000001
28.12.2019;68.100000001
29.12.2019;68.100000001
04.01.2020;68.640000001
05.01.2020;68.640000001
11.01.2020;65.04000000100001
12.01.2020;65.04000000100001
18.01.2020;64.950000001
19.01.2020;64.950000001
25.01.2020;60.820000001
26.01.2020;60.820000001
01.02.2020;58.150000000999995
02.02.2020;58.150000000999995
08.02.2020;54.530000001
09.02.2020;54.530000001
15.02.2020;57.190000000999994
16.02.2020;57.190000000999994
22.02.2020;58.380000001
23.02.2020;58.380000001
29.02.2020;50.500000001
01.03.2020;50.500000001
07.03.2020;45.600000001
08.03.2020;45.600000001
14.03.2020;34.600000001
15.03.2020;34.600000001
21.03.2020;27.200000001
22.03.2020;27.200000001
28.03.2020;24.940000001
29.03.2020;24.940000001
30.03.2020;24.940000001
04.04.2020;34.530000001
05.04.2020;34.530000001
11.04.2020;31.870000001
12.04.2020;31.870000001
18.04.2020;28.470000001
19.04.2020;28.470000001
25.04.2020;25.180000001
02.05.2020;26.560000001
09.05.2020;30.860000001
16.05.2020;32.740000001
23.05.2020;35.260000000999995
24.05.2020;35.260000000999995
30.05.2020;37.390000001
06.06.2020;42.130000001
13.06.2020;38.860000000999996
20.06.2020;41.920000001
27.06.2020;40.66000000099999
04.07.2020;42.780000001
11.07.2020;43.270000001
18.07.2020;43.100000001
25.07.2020;43.420000001
01.08.2020;43.710000001
08.08.2020;44.66000000099999
15.08.2020;44.950000001
22.08.2020;44.260000000999995
29.08.2020;45.870000000999994
30.08.2020;45.870000000999994
05.09.2020;42.350000001
12.09.2020;39.920000001
19.09.2020;42.970000000999995
26.09.2020;42.260000000999995
03.10.2020;39.120000000999994
10.10.2020;42.820000001
11.10.2020;42.820000001
17.10.2020;42.850000001
24.10.2020;41.590000001
31.10.2020;37.860000000999996
01.11.2020;37.860000000999996
07.11.2020;39.600000001
14.11.2020;42.630000001
21.11.2020;45.020000001
28.11.2020;48.300000000999994
29.11.2020;48.300000000999994
05.12.2020;49.030000001
12.12.2020;49.98000000099999
19.12.2020;52.210000001
25.12.2020;51.340000001
26.12.2020;51.340000001
